{
  "project_info": {
    "project_number": "1045655686417",
    "project_id": "cloud-messages-fcm",
    "storage_bucket": "cloud-messages-fcm.appspot.com"
  },
  "client": [
    {
      "client_info": {
        "mobilesdk_app_id": "1:1045655686417:android:fd60372b8bc834a98950b0",
        "android_client_info": {
          "package_name": "co.com.pandistore"
        }
      },
      "oauth_client": [
        {
          "client_id": "1045655686417-n9sm00jocgmjipldajl9lp1d9mpvv12f.apps.googleusercontent.com",
          "client_type": 1,
          "android_info": {
            "package_name": "co.com.pandistore",
            "certificate_hash": "17b3eea3315dc1ae165fa8653bdd71dd086346aa"
          }
        },
        {
          "client_id": "1045655686417-2r0frac1ea248ek24mbosrg7k7d255cb.apps.googleusercontent.com",
          "client_type": 3
        }
      ],
      "api_key": [
        {
          "current_key": "AIzaSyAhx8KZZU1398b1fVNTyn3wiccbhUcRpLA"
        }
      ],
      "services": {
        "appinvite_service": {
          "other_platform_oauth_client": [
            {
              "client_id": "1045655686417-2r0frac1ea248ek24mbosrg7k7d255cb.apps.googleusercontent.com",
              "client_type": 3
            }
          ]
        }
      }
    }
  ],
  "configuration_version": "1"
}